"Handle","Title","Body (HTML)","Vendor","Type","Tags","Published","Option1 Name","Option1 Value","Option2 Name","Option2 Value","Option3 Name","Option3 Value","Variant SKU","Variant Grams","Variant Inventory Tracker","Variant Inventory Qty","Variant Inventory Policy","Variant Fulfillment Service","Variant Price","Variant Compare At Price","Variant Requires Shipping","Variant Taxable","Variant Barcode","Image Src"
"classic-wingtip-5-eyelet-oxford-in-brogue---black-9","Classic Wingtip 5 Eyelet Oxford in Brogue - Black 9: Size: 10.5 Width: Normal (D)","Men's handmade leather shoes by Studio Empoli. Buy this beautiful handmade leather classic 5 eyelet oxford in wingtip brogue at our amazing price. Soft cow leather, very comfortable and easy to break in. You are bound to fall in love with them. Will serve you for many years. Many size options. Each shoe is meticulously handmade through multiple stages of crafting Only the finest quality leathers used.","Studio Empoli","Apparel, shoes & jewelry||Shoes||Men","","TRUE","Title","Classic Wingtip 5 Eyelet Oxford in Brogue - Black 9","Option","Size: 10.5 Width: Normal (D)","","","M21-P01~10.5-D","1637.47","shopify","1000","deny","Manual","89.01","","TRUE","","","https://d1k0ppjronk6up.cloudfront.net/products/1000002688/2537_thickbox_default_classic_wingtip_5_eyelet_oxford_in_brogue_black.jpg"
"classic-wingtip-5-eyelet-oxford-in-brogue---black-9","","","","","","","","","","","","","","","","","","","","","","","","https://d1k0ppjronk6up.cloudfront.net/products/1000002688/2536_thickbox_default_classic_wingtip_5_eyelet_oxford_in_brogue_black.jpg"
"classic-wingtip-5-eyelet-oxford-in-brogue---black-9","","","","","","","","","","","","","","","","","","","","","","","","https://d1k0ppjronk6up.cloudfront.net/products/1000002688/2535_thickbox_default_classic_wingtip_5_eyelet_oxford_in_brogue_black.jpg"
"classic-wingtip-5-eyelet-oxford-in-brogue---black-9","","","","","","","","","","","","","","","","","","","","","","","","https://d1k0ppjronk6up.cloudfront.net/products/1000002688/2534_thickbox_default_classic_wingtip_5_eyelet_oxford_in_brogue_black.jpg"
"classic-wingtip-5-eyelet-oxford-in-brogue---black-9","","","","","","","","","","","","","","","","","","","","","","","","https://d1k0ppjronk6up.cloudfront.net/products/1000002688/pk_img_cms_shoekit.jpg"
"classic-wingtip-5-eyelet-oxford-in-brogue---black-9","Classic Wingtip 5 Eyelet Oxford in Brogue - Black 9: Size: 10.5 Width: Wide (EE)","Men's handmade leather shoes by Studio Empoli. Buy this beautiful handmade leather classic 5 eyelet oxford in wingtip brogue at our amazing price. Soft cow leather, very comfortable and easy to break in. You are bound to fall in love with them. Will serve you for many years. Many size options. Each shoe is meticulously handmade through multiple stages of crafting Only the finest quality leathers used.","Studio Empoli","Apparel, shoes & jewelry||Shoes||Men","","TRUE","Title","Classic Wingtip 5 Eyelet Oxford in Brogue - Black 9","Option","Size: 10.5 Width: Wide (EE)","","","M21-P01~10.5-EE","1637.47","shopify","1000","deny","Manual","89.01","","TRUE","","","https://d1k0ppjronk6up.cloudfront.net/products/1000002688/2537_thickbox_default_classic_wingtip_5_eyelet_oxford_in_brogue_black.jpg"
"classic-wingtip-5-eyelet-oxford-in-brogue---black-9","","","","","","","","","","","","","","","","","","","","","","","","https://d1k0ppjronk6up.cloudfront.net/products/1000002688/2536_thickbox_default_classic_wingtip_5_eyelet_oxford_in_brogue_black.jpg"
"classic-wingtip-5-eyelet-oxford-in-brogue---black-9","","","","","","","","","","","","","","","","","","","","","","","","https://d1k0ppjronk6up.cloudfront.net/products/1000002688/2535_thickbox_default_classic_wingtip_5_eyelet_oxford_in_brogue_black.jpg"
"classic-wingtip-5-eyelet-oxford-in-brogue---black-9","","","","","","","","","","","","","","","","","","","","","","","","https://d1k0ppjronk6up.cloudfront.net/products/1000002688/2534_thickbox_default_classic_wingtip_5_eyelet_oxford_in_brogue_black.jpg"
"classic-wingtip-5-eyelet-oxford-in-brogue---black-9","","","","","","","","","","","","","","","","","","","","","","","","https://d1k0ppjronk6up.cloudfront.net/products/1000002688/pk_img_cms_shoekit.jpg"
"classic-wingtip-5-eyelet-oxford-in-brogue---black-9","Classic Wingtip 5 Eyelet Oxford in Brogue - Black 9: Size: 10 Width: Normal (D)","Men's handmade leather shoes by Studio Empoli. Buy this beautiful handmade leather classic 5 eyelet oxford in wingtip brogue at our amazing price. Soft cow leather, very comfortable and easy to break in. You are bound to fall in love with them. Will serve you for many years. Many size options. Each shoe is meticulously handmade through multiple stages of crafting Only the finest quality leathers used.","Studio Empoli","Apparel, shoes & jewelry||Shoes||Men","","TRUE","Title","Classic Wingtip 5 Eyelet Oxford in Brogue - Black 9","Option","Size: 10 Width: Normal (D)","","","M21-P01~10-D","1637.47","shopify","1000","deny","Manual","89.01","","TRUE","","","https://d1k0ppjronk6up.cloudfront.net/products/1000002688/2537_thickbox_default_classic_wingtip_5_eyelet_oxford_in_brogue_black.jpg"
"classic-wingtip-5-eyelet-oxford-in-brogue---black-9","","","","","","","","","","","","","","","","","","","","","","","","https://d1k0ppjronk6up.cloudfront.net/products/1000002688/2536_thickbox_default_classic_wingtip_5_eyelet_oxford_in_brogue_black.jpg"
"classic-wingtip-5-eyelet-oxford-in-brogue---black-9","","","","","","","","","","","","","","","","","","","","","","","","https://d1k0ppjronk6up.cloudfront.net/products/1000002688/2535_thickbox_default_classic_wingtip_5_eyelet_oxford_in_brogue_black.jpg"
"classic-wingtip-5-eyelet-oxford-in-brogue---black-9","","","","","","","","","","","","","","","","","","","","","","","","https://d1k0ppjronk6up.cloudfront.net/products/1000002688/2534_thickbox_default_classic_wingtip_5_eyelet_oxford_in_brogue_black.jpg"
"classic-wingtip-5-eyelet-oxford-in-brogue---black-9","","","","","","","","","","","","","","","","","","","","","","","","https://d1k0ppjronk6up.cloudfront.net/products/1000002688/pk_img_cms_shoekit.jpg"
"classic-wingtip-5-eyelet-oxford-in-brogue---black-9","Classic Wingtip 5 Eyelet Oxford in Brogue - Black 9: Size: 10 Width: Wide (EE)","Men's handmade leather shoes by Studio Empoli. Buy this beautiful handmade leather classic 5 eyelet oxford in wingtip brogue at our amazing price. Soft cow leather, very comfortable and easy to break in. You are bound to fall in love with them. Will serve you for many years. Many size options. Each shoe is meticulously handmade through multiple stages of crafting Only the finest quality leathers used.","Studio Empoli","Apparel, shoes & jewelry||Shoes||Men","","TRUE","Title","Classic Wingtip 5 Eyelet Oxford in Brogue - Black 9","Option","Size: 10 Width: Wide (EE)","","","M21-P01~10-EE","1637.47","shopify","1000","deny","Manual","89.01","","TRUE","","","https://d1k0ppjronk6up.cloudfront.net/products/1000002688/2537_thickbox_default_classic_wingtip_5_eyelet_oxford_in_brogue_black.jpg"
"classic-wingtip-5-eyelet-oxford-in-brogue---black-9","","","","","","","","","","","","","","","","","","","","","","","","https://d1k0ppjronk6up.cloudfront.net/products/1000002688/2536_thickbox_default_classic_wingtip_5_eyelet_oxford_in_brogue_black.jpg"
"classic-wingtip-5-eyelet-oxford-in-brogue---black-9","","","","","","","","","","","","","","","","","","","","","","","","https://d1k0ppjronk6up.cloudfront.net/products/1000002688/2535_thickbox_default_classic_wingtip_5_eyelet_oxford_in_brogue_black.jpg"
"classic-wingtip-5-eyelet-oxford-in-brogue---black-9","","","","","","","","","","","","","","","","","","","","","","","","https://d1k0ppjronk6up.cloudfront.net/products/1000002688/2534_thickbox_default_classic_wingtip_5_eyelet_oxford_in_brogue_black.jpg"
"classic-wingtip-5-eyelet-oxford-in-brogue---black-9","","","","","","","","","","","","","","","","","","","","","","","","https://d1k0ppjronk6up.cloudfront.net/products/1000002688/pk_img_cms_shoekit.jpg"
"classic-wingtip-5-eyelet-oxford-in-brogue---black-9","Classic Wingtip 5 Eyelet Oxford in Brogue - Black 9: Size: 11 Width: Normal (D)","Men's handmade leather shoes by Studio Empoli. Buy this beautiful handmade leather classic 5 eyelet oxford in wingtip brogue at our amazing price. Soft cow leather, very comfortable and easy to break in. You are bound to fall in love with them. Will serve you for many years. Many size options. Each shoe is meticulously handmade through multiple stages of crafting Only the finest quality leathers used.","Studio Empoli","Apparel, shoes & jewelry||Shoes||Men","","TRUE","Title","Classic Wingtip 5 Eyelet Oxford in Brogue - Black 9","Option","Size: 11 Width: Normal (D)","","","M21-P01~11-D","1637.47","shopify","1000","deny","Manual","89.01","","TRUE","","","https://d1k0ppjronk6up.cloudfront.net/products/1000002688/2537_thickbox_default_classic_wingtip_5_eyelet_oxford_in_brogue_black.jpg"
"classic-wingtip-5-eyelet-oxford-in-brogue---black-9","","","","","","","","","","","","","","","","","","","","","","","","https://d1k0ppjronk6up.cloudfront.net/products/1000002688/2536_thickbox_default_classic_wingtip_5_eyelet_oxford_in_brogue_black.jpg"
"classic-wingtip-5-eyelet-oxford-in-brogue---black-9","","","","","","","","","","","","","","","","","","","","","","","","https://d1k0ppjronk6up.cloudfront.net/products/1000002688/2535_thickbox_default_classic_wingtip_5_eyelet_oxford_in_brogue_black.jpg"
"classic-wingtip-5-eyelet-oxford-in-brogue---black-9","","","","","","","","","","","","","","","","","","","","","","","","https://d1k0ppjronk6up.cloudfront.net/products/1000002688/2534_thickbox_default_classic_wingtip_5_eyelet_oxford_in_brogue_black.jpg"
"classic-wingtip-5-eyelet-oxford-in-brogue---black-9","","","","","","","","","","","","","","","","","","","","","","","","https://d1k0ppjronk6up.cloudfront.net/products/1000002688/pk_img_cms_shoekit.jpg"
"classic-wingtip-5-eyelet-oxford-in-brogue---black-9","Classic Wingtip 5 Eyelet Oxford in Brogue - Black 9: Size: 11 Width: Wide (EE)","Men's handmade leather shoes by Studio Empoli. Buy this beautiful handmade leather classic 5 eyelet oxford in wingtip brogue at our amazing price. Soft cow leather, very comfortable and easy to break in. You are bound to fall in love with them. Will serve you for many years. Many size options. Each shoe is meticulously handmade through multiple stages of crafting Only the finest quality leathers used.","Studio Empoli","Apparel, shoes & jewelry||Shoes||Men","","TRUE","Title","Classic Wingtip 5 Eyelet Oxford in Brogue - Black 9","Option","Size: 11 Width: Wide (EE)","","","M21-P01~11-EE","1637.47","shopify","1000","deny","Manual","89.01","","TRUE","","","https://d1k0ppjronk6up.cloudfront.net/products/1000002688/2537_thickbox_default_classic_wingtip_5_eyelet_oxford_in_brogue_black.jpg"
"classic-wingtip-5-eyelet-oxford-in-brogue---black-9","","","","","","","","","","","","","","","","","","","","","","","","https://d1k0ppjronk6up.cloudfront.net/products/1000002688/2536_thickbox_default_classic_wingtip_5_eyelet_oxford_in_brogue_black.jpg"
"classic-wingtip-5-eyelet-oxford-in-brogue---black-9","","","","","","","","","","","","","","","","","","","","","","","","https://d1k0ppjronk6up.cloudfront.net/products/1000002688/2535_thickbox_default_classic_wingtip_5_eyelet_oxford_in_brogue_black.jpg"
"classic-wingtip-5-eyelet-oxford-in-brogue---black-9","","","","","","","","","","","","","","","","","","","","","","","","https://d1k0ppjronk6up.cloudfront.net/products/1000002688/2534_thickbox_default_classic_wingtip_5_eyelet_oxford_in_brogue_black.jpg"
"classic-wingtip-5-eyelet-oxford-in-brogue---black-9","","","","","","","","","","","","","","","","","","","","","","","","https://d1k0ppjronk6up.cloudfront.net/products/1000002688/pk_img_cms_shoekit.jpg"
"classic-wingtip-5-eyelet-oxford-in-brogue---black-9","Classic Wingtip 5 Eyelet Oxford in Brogue - Black 9: Size: 12 Width: Normal (D)","Men's handmade leather shoes by Studio Empoli. Buy this beautiful handmade leather classic 5 eyelet oxford in wingtip brogue at our amazing price. Soft cow leather, very comfortable and easy to break in. You are bound to fall in love with them. Will serve you for many years. Many size options. Each shoe is meticulously handmade through multiple stages of crafting Only the finest quality leathers used.","Studio Empoli","Apparel, shoes & jewelry||Shoes||Men","","TRUE","Title","Classic Wingtip 5 Eyelet Oxford in Brogue - Black 9","Option","Size: 12 Width: Normal (D)","","","M21-P01~12-D","1637.47","shopify","1000","deny","Manual","89.01","","TRUE","","","https://d1k0ppjronk6up.cloudfront.net/products/1000002688/2537_thickbox_default_classic_wingtip_5_eyelet_oxford_in_brogue_black.jpg"
"classic-wingtip-5-eyelet-oxford-in-brogue---black-9","","","","","","","","","","","","","","","","","","","","","","","","https://d1k0ppjronk6up.cloudfront.net/products/1000002688/2536_thickbox_default_classic_wingtip_5_eyelet_oxford_in_brogue_black.jpg"
"classic-wingtip-5-eyelet-oxford-in-brogue---black-9","","","","","","","","","","","","","","","","","","","","","","","","https://d1k0ppjronk6up.cloudfront.net/products/1000002688/2535_thickbox_default_classic_wingtip_5_eyelet_oxford_in_brogue_black.jpg"
"classic-wingtip-5-eyelet-oxford-in-brogue---black-9","","","","","","","","","","","","","","","","","","","","","","","","https://d1k0ppjronk6up.cloudfront.net/products/1000002688/2534_thickbox_default_classic_wingtip_5_eyelet_oxford_in_brogue_black.jpg"
"classic-wingtip-5-eyelet-oxford-in-brogue---black-9","","","","","","","","","","","","","","","","","","","","","","","","https://d1k0ppjronk6up.cloudfront.net/products/1000002688/pk_img_cms_shoekit.jpg"
"classic-wingtip-5-eyelet-oxford-in-brogue---black-9","Classic Wingtip 5 Eyelet Oxford in Brogue - Black 9: Size: 12 Width: Wide (EE)","Men's handmade leather shoes by Studio Empoli. Buy this beautiful handmade leather classic 5 eyelet oxford in wingtip brogue at our amazing price. Soft cow leather, very comfortable and easy to break in. You are bound to fall in love with them. Will serve you for many years. Many size options. Each shoe is meticulously handmade through multiple stages of crafting Only the finest quality leathers used.","Studio Empoli","Apparel, shoes & jewelry||Shoes||Men","","TRUE","Title","Classic Wingtip 5 Eyelet Oxford in Brogue - Black 9","Option","Size: 12 Width: Wide (EE)","","","M21-P01~12-EE","1637.47","shopify","1000","deny","Manual","89.01","","TRUE","","","https://d1k0ppjronk6up.cloudfront.net/products/1000002688/2537_thickbox_default_classic_wingtip_5_eyelet_oxford_in_brogue_black.jpg"
"classic-wingtip-5-eyelet-oxford-in-brogue---black-9","","","","","","","","","","","","","","","","","","","","","","","","https://d1k0ppjronk6up.cloudfront.net/products/1000002688/2536_thickbox_default_classic_wingtip_5_eyelet_oxford_in_brogue_black.jpg"
"classic-wingtip-5-eyelet-oxford-in-brogue---black-9","","","","","","","","","","","","","","","","","","","","","","","","https://d1k0ppjronk6up.cloudfront.net/products/1000002688/2535_thickbox_default_classic_wingtip_5_eyelet_oxford_in_brogue_black.jpg"
"classic-wingtip-5-eyelet-oxford-in-brogue---black-9","","","","","","","","","","","","","","","","","","","","","","","","https://d1k0ppjronk6up.cloudfront.net/products/1000002688/2534_thickbox_default_classic_wingtip_5_eyelet_oxford_in_brogue_black.jpg"
"classic-wingtip-5-eyelet-oxford-in-brogue---black-9","","","","","","","","","","","","","","","","","","","","","","","","https://d1k0ppjronk6up.cloudfront.net/products/1000002688/pk_img_cms_shoekit.jpg"
"classic-wingtip-5-eyelet-oxford-in-brogue---black-9","Classic Wingtip 5 Eyelet Oxford in Brogue - Black 9: Size: 13 Width: Normal (D)","Men's handmade leather shoes by Studio Empoli. Buy this beautiful handmade leather classic 5 eyelet oxford in wingtip brogue at our amazing price. Soft cow leather, very comfortable and easy to break in. You are bound to fall in love with them. Will serve you for many years. Many size options. Each shoe is meticulously handmade through multiple stages of crafting Only the finest quality leathers used.","Studio Empoli","Apparel, shoes & jewelry||Shoes||Men","","TRUE","Title","Classic Wingtip 5 Eyelet Oxford in Brogue - Black 9","Option","Size: 13 Width: Normal (D)","","","M21-P01~13-D","1637.47","shopify","1000","deny","Manual","89.01","","TRUE","","","https://d1k0ppjronk6up.cloudfront.net/products/1000002688/2537_thickbox_default_classic_wingtip_5_eyelet_oxford_in_brogue_black.jpg"
"classic-wingtip-5-eyelet-oxford-in-brogue---black-9","","","","","","","","","","","","","","","","","","","","","","","","https://d1k0ppjronk6up.cloudfront.net/products/1000002688/2536_thickbox_default_classic_wingtip_5_eyelet_oxford_in_brogue_black.jpg"
"classic-wingtip-5-eyelet-oxford-in-brogue---black-9","","","","","","","","","","","","","","","","","","","","","","","","https://d1k0ppjronk6up.cloudfront.net/products/1000002688/2535_thickbox_default_classic_wingtip_5_eyelet_oxford_in_brogue_black.jpg"
"classic-wingtip-5-eyelet-oxford-in-brogue---black-9","","","","","","","","","","","","","","","","","","","","","","","","https://d1k0ppjronk6up.cloudfront.net/products/1000002688/2534_thickbox_default_classic_wingtip_5_eyelet_oxford_in_brogue_black.jpg"
"classic-wingtip-5-eyelet-oxford-in-brogue---black-9","","","","","","","","","","","","","","","","","","","","","","","","https://d1k0ppjronk6up.cloudfront.net/products/1000002688/pk_img_cms_shoekit.jpg"
"classic-wingtip-5-eyelet-oxford-in-brogue---black-9","Classic Wingtip 5 Eyelet Oxford in Brogue - Black 9: Size: 13 Width: Wide (EE)","Men's handmade leather shoes by Studio Empoli. Buy this beautiful handmade leather classic 5 eyelet oxford in wingtip brogue at our amazing price. Soft cow leather, very comfortable and easy to break in. You are bound to fall in love with them. Will serve you for many years. Many size options. Each shoe is meticulously handmade through multiple stages of crafting Only the finest quality leathers used.","Studio Empoli","Apparel, shoes & jewelry||Shoes||Men","","TRUE","Title","Classic Wingtip 5 Eyelet Oxford in Brogue - Black 9","Option","Size: 13 Width: Wide (EE)","","","M21-P01~13-EE","1637.47","shopify","1000","deny","Manual","89.01","","TRUE","","","https://d1k0ppjronk6up.cloudfront.net/products/1000002688/2537_thickbox_default_classic_wingtip_5_eyelet_oxford_in_brogue_black.jpg"
"classic-wingtip-5-eyelet-oxford-in-brogue---black-9","","","","","","","","","","","","","","","","","","","","","","","","https://d1k0ppjronk6up.cloudfront.net/products/1000002688/2536_thickbox_default_classic_wingtip_5_eyelet_oxford_in_brogue_black.jpg"
"classic-wingtip-5-eyelet-oxford-in-brogue---black-9","","","","","","","","","","","","","","","","","","","","","","","","https://d1k0ppjronk6up.cloudfront.net/products/1000002688/2535_thickbox_default_classic_wingtip_5_eyelet_oxford_in_brogue_black.jpg"
"classic-wingtip-5-eyelet-oxford-in-brogue---black-9","","","","","","","","","","","","","","","","","","","","","","","","https://d1k0ppjronk6up.cloudfront.net/products/1000002688/2534_thickbox_default_classic_wingtip_5_eyelet_oxford_in_brogue_black.jpg"
"classic-wingtip-5-eyelet-oxford-in-brogue---black-9","","","","","","","","","","","","","","","","","","","","","","","","https://d1k0ppjronk6up.cloudfront.net/products/1000002688/pk_img_cms_shoekit.jpg"
"classic-wingtip-5-eyelet-oxford-in-brogue---black-9","Classic Wingtip 5 Eyelet Oxford in Brogue - Black 9: Size: 14 Width: Normal (D)","Men's handmade leather shoes by Studio Empoli. Buy this beautiful handmade leather classic 5 eyelet oxford in wingtip brogue at our amazing price. Soft cow leather, very comfortable and easy to break in. You are bound to fall in love with them. Will serve you for many years. Many size options. Each shoe is meticulously handmade through multiple stages of crafting Only the finest quality leathers used.","Studio Empoli","Apparel, shoes & jewelry||Shoes||Men","","TRUE","Title","Classic Wingtip 5 Eyelet Oxford in Brogue - Black 9","Option","Size: 14 Width: Normal (D)","","","M21-P01~14-D","1637.47","shopify","1000","deny","Manual","89.01","","TRUE","","","https://d1k0ppjronk6up.cloudfront.net/products/1000002688/2537_thickbox_default_classic_wingtip_5_eyelet_oxford_in_brogue_black.jpg"
"classic-wingtip-5-eyelet-oxford-in-brogue---black-9","","","","","","","","","","","","","","","","","","","","","","","","https://d1k0ppjronk6up.cloudfront.net/products/1000002688/2536_thickbox_default_classic_wingtip_5_eyelet_oxford_in_brogue_black.jpg"
"classic-wingtip-5-eyelet-oxford-in-brogue---black-9","","","","","","","","","","","","","","","","","","","","","","","","https://d1k0ppjronk6up.cloudfront.net/products/1000002688/2535_thickbox_default_classic_wingtip_5_eyelet_oxford_in_brogue_black.jpg"
"classic-wingtip-5-eyelet-oxford-in-brogue---black-9","","","","","","","","","","","","","","","","","","","","","","","","https://d1k0ppjronk6up.cloudfront.net/products/1000002688/2534_thickbox_default_classic_wingtip_5_eyelet_oxford_in_brogue_black.jpg"
"classic-wingtip-5-eyelet-oxford-in-brogue---black-9","","","","","","","","","","","","","","","","","","","","","","","","https://d1k0ppjronk6up.cloudfront.net/products/1000002688/pk_img_cms_shoekit.jpg"
"classic-wingtip-5-eyelet-oxford-in-brogue---black-9","Classic Wingtip 5 Eyelet Oxford in Brogue - Black 9: Size: 14 Width: Wide (EE)","Men's handmade leather shoes by Studio Empoli. Buy this beautiful handmade leather classic 5 eyelet oxford in wingtip brogue at our amazing price. Soft cow leather, very comfortable and easy to break in. You are bound to fall in love with them. Will serve you for many years. Many size options. Each shoe is meticulously handmade through multiple stages of crafting Only the finest quality leathers used.","Studio Empoli","Apparel, shoes & jewelry||Shoes||Men","","TRUE","Title","Classic Wingtip 5 Eyelet Oxford in Brogue - Black 9","Option","Size: 14 Width: Wide (EE)","","","M21-P01~14-EE","1637.47","shopify","1000","deny","Manual","89.01","","TRUE","","","https://d1k0ppjronk6up.cloudfront.net/products/1000002688/2537_thickbox_default_classic_wingtip_5_eyelet_oxford_in_brogue_black.jpg"
"classic-wingtip-5-eyelet-oxford-in-brogue---black-9","","","","","","","","","","","","","","","","","","","","","","","","https://d1k0ppjronk6up.cloudfront.net/products/1000002688/2536_thickbox_default_classic_wingtip_5_eyelet_oxford_in_brogue_black.jpg"
"classic-wingtip-5-eyelet-oxford-in-brogue---black-9","","","","","","","","","","","","","","","","","","","","","","","","https://d1k0ppjronk6up.cloudfront.net/products/1000002688/2535_thickbox_default_classic_wingtip_5_eyelet_oxford_in_brogue_black.jpg"
"classic-wingtip-5-eyelet-oxford-in-brogue---black-9","","","","","","","","","","","","","","","","","","","","","","","","https://d1k0ppjronk6up.cloudfront.net/products/1000002688/2534_thickbox_default_classic_wingtip_5_eyelet_oxford_in_brogue_black.jpg"
"classic-wingtip-5-eyelet-oxford-in-brogue---black-9","","","","","","","","","","","","","","","","","","","","","","","","https://d1k0ppjronk6up.cloudfront.net/products/1000002688/pk_img_cms_shoekit.jpg"
"classic-wingtip-5-eyelet-oxford-in-brogue---black-9","Classic Wingtip 5 Eyelet Oxford in Brogue - Black 9: Size: 6.5 Width: Normal (D)","Men's handmade leather shoes by Studio Empoli. Buy this beautiful handmade leather classic 5 eyelet oxford in wingtip brogue at our amazing price. Soft cow leather, very comfortable and easy to break in. You are bound to fall in love with them. Will serve you for many years. Many size options. Each shoe is meticulously handmade through multiple stages of crafting Only the finest quality leathers used.","Studio Empoli","Apparel, shoes & jewelry||Shoes||Men","","TRUE","Title","Classic Wingtip 5 Eyelet Oxford in Brogue - Black 9","Option","Size: 6.5 Width: Normal (D)","","","M21-P01~6.5-D","1637.47","shopify","1000","deny","Manual","89.01","","TRUE","","","https://d1k0ppjronk6up.cloudfront.net/products/1000002688/2537_thickbox_default_classic_wingtip_5_eyelet_oxford_in_brogue_black.jpg"
"classic-wingtip-5-eyelet-oxford-in-brogue---black-9","","","","","","","","","","","","","","","","","","","","","","","","https://d1k0ppjronk6up.cloudfront.net/products/1000002688/2536_thickbox_default_classic_wingtip_5_eyelet_oxford_in_brogue_black.jpg"
"classic-wingtip-5-eyelet-oxford-in-brogue---black-9","","","","","","","","","","","","","","","","","","","","","","","","https://d1k0ppjronk6up.cloudfront.net/products/1000002688/2535_thickbox_default_classic_wingtip_5_eyelet_oxford_in_brogue_black.jpg"
"classic-wingtip-5-eyelet-oxford-in-brogue---black-9","","","","","","","","","","","","","","","","","","","","","","","","https://d1k0ppjronk6up.cloudfront.net/products/1000002688/2534_thickbox_default_classic_wingtip_5_eyelet_oxford_in_brogue_black.jpg"
"classic-wingtip-5-eyelet-oxford-in-brogue---black-9","","","","","","","","","","","","","","","","","","","","","","","","https://d1k0ppjronk6up.cloudfront.net/products/1000002688/pk_img_cms_shoekit.jpg"
"classic-wingtip-5-eyelet-oxford-in-brogue---black-9","Classic Wingtip 5 Eyelet Oxford in Brogue - Black 9: Size: 6.5 Width: Wide (EE)","Men's handmade leather shoes by Studio Empoli. Buy this beautiful handmade leather classic 5 eyelet oxford in wingtip brogue at our amazing price. Soft cow leather, very comfortable and easy to break in. You are bound to fall in love with them. Will serve you for many years. Many size options. Each shoe is meticulously handmade through multiple stages of crafting Only the finest quality leathers used.","Studio Empoli","Apparel, shoes & jewelry||Shoes||Men","","TRUE","Title","Classic Wingtip 5 Eyelet Oxford in Brogue - Black 9","Option","Size: 6.5 Width: Wide (EE)","","","M21-P01~6.5-EE","1637.47","shopify","1000","deny","Manual","89.01","","TRUE","","","https://d1k0ppjronk6up.cloudfront.net/products/1000002688/2537_thickbox_default_classic_wingtip_5_eyelet_oxford_in_brogue_black.jpg"
"classic-wingtip-5-eyelet-oxford-in-brogue---black-9","","","","","","","","","","","","","","","","","","","","","","","","https://d1k0ppjronk6up.cloudfront.net/products/1000002688/2536_thickbox_default_classic_wingtip_5_eyelet_oxford_in_brogue_black.jpg"
"classic-wingtip-5-eyelet-oxford-in-brogue---black-9","","","","","","","","","","","","","","","","","","","","","","","","https://d1k0ppjronk6up.cloudfront.net/products/1000002688/2535_thickbox_default_classic_wingtip_5_eyelet_oxford_in_brogue_black.jpg"
"classic-wingtip-5-eyelet-oxford-in-brogue---black-9","","","","","","","","","","","","","","","","","","","","","","","","https://d1k0ppjronk6up.cloudfront.net/products/1000002688/2534_thickbox_default_classic_wingtip_5_eyelet_oxford_in_brogue_black.jpg"
"classic-wingtip-5-eyelet-oxford-in-brogue---black-9","","","","","","","","","","","","","","","","","","","","","","","","https://d1k0ppjronk6up.cloudfront.net/products/1000002688/pk_img_cms_shoekit.jpg"
"classic-wingtip-5-eyelet-oxford-in-brogue---black-9","Classic Wingtip 5 Eyelet Oxford in Brogue - Black 9: Size: 6 Width: Normal (D)","Men's handmade leather shoes by Studio Empoli. Buy this beautiful handmade leather classic 5 eyelet oxford in wingtip brogue at our amazing price. Soft cow leather, very comfortable and easy to break in. You are bound to fall in love with them. Will serve you for many years. Many size options. Each shoe is meticulously handmade through multiple stages of crafting Only the finest quality leathers used.","Studio Empoli","Apparel, shoes & jewelry||Shoes||Men","","TRUE","Title","Classic Wingtip 5 Eyelet Oxford in Brogue - Black 9","Option","Size: 6 Width: Normal (D)","","","M21-P01~6-D","1637.47","shopify","1000","deny","Manual","89.01","","TRUE","","","https://d1k0ppjronk6up.cloudfront.net/products/1000002688/2537_thickbox_default_classic_wingtip_5_eyelet_oxford_in_brogue_black.jpg"
"classic-wingtip-5-eyelet-oxford-in-brogue---black-9","","","","","","","","","","","","","","","","","","","","","","","","https://d1k0ppjronk6up.cloudfront.net/products/1000002688/2536_thickbox_default_classic_wingtip_5_eyelet_oxford_in_brogue_black.jpg"
"classic-wingtip-5-eyelet-oxford-in-brogue---black-9","","","","","","","","","","","","","","","","","","","","","","","","https://d1k0ppjronk6up.cloudfront.net/products/1000002688/2535_thickbox_default_classic_wingtip_5_eyelet_oxford_in_brogue_black.jpg"
"classic-wingtip-5-eyelet-oxford-in-brogue---black-9","","","","","","","","","","","","","","","","","","","","","","","","https://d1k0ppjronk6up.cloudfront.net/products/1000002688/2534_thickbox_default_classic_wingtip_5_eyelet_oxford_in_brogue_black.jpg"
"classic-wingtip-5-eyelet-oxford-in-brogue---black-9","","","","","","","","","","","","","","","","","","","","","","","","https://d1k0ppjronk6up.cloudfront.net/products/1000002688/pk_img_cms_shoekit.jpg"
"classic-wingtip-5-eyelet-oxford-in-brogue---black-9","Classic Wingtip 5 Eyelet Oxford in Brogue - Black 9: Size: 6 Width: Wide (EE)","Men's handmade leather shoes by Studio Empoli. Buy this beautiful handmade leather classic 5 eyelet oxford in wingtip brogue at our amazing price. Soft cow leather, very comfortable and easy to break in. You are bound to fall in love with them. Will serve you for many years. Many size options. Each shoe is meticulously handmade through multiple stages of crafting Only the finest quality leathers used.","Studio Empoli","Apparel, shoes & jewelry||Shoes||Men","","TRUE","Title","Classic Wingtip 5 Eyelet Oxford in Brogue - Black 9","Option","Size: 6 Width: Wide (EE)","","","M21-P01~6-EE","1637.47","shopify","1000","deny","Manual","89.01","","TRUE","","","https://d1k0ppjronk6up.cloudfront.net/products/1000002688/2537_thickbox_default_classic_wingtip_5_eyelet_oxford_in_brogue_black.jpg"
"classic-wingtip-5-eyelet-oxford-in-brogue---black-9","","","","","","","","","","","","","","","","","","","","","","","","https://d1k0ppjronk6up.cloudfront.net/products/1000002688/2536_thickbox_default_classic_wingtip_5_eyelet_oxford_in_brogue_black.jpg"
"classic-wingtip-5-eyelet-oxford-in-brogue---black-9","","","","","","","","","","","","","","","","","","","","","","","","https://d1k0ppjronk6up.cloudfront.net/products/1000002688/2535_thickbox_default_classic_wingtip_5_eyelet_oxford_in_brogue_black.jpg"
"classic-wingtip-5-eyelet-oxford-in-brogue---black-9","","","","","","","","","","","","","","","","","","","","","","","","https://d1k0ppjronk6up.cloudfront.net/products/1000002688/2534_thickbox_default_classic_wingtip_5_eyelet_oxford_in_brogue_black.jpg"
"classic-wingtip-5-eyelet-oxford-in-brogue---black-9","","","","","","","","","","","","","","","","","","","","","","","","https://d1k0ppjronk6up.cloudfront.net/products/1000002688/pk_img_cms_shoekit.jpg"
"classic-wingtip-5-eyelet-oxford-in-brogue---black-9","Classic Wingtip 5 Eyelet Oxford in Brogue - Black 9: Size: 7.5 Width: Normal (D)","Men's handmade leather shoes by Studio Empoli. Buy this beautiful handmade leather classic 5 eyelet oxford in wingtip brogue at our amazing price. Soft cow leather, very comfortable and easy to break in. You are bound to fall in love with them. Will serve you for many years. Many size options. Each shoe is meticulously handmade through multiple stages of crafting Only the finest quality leathers used.","Studio Empoli","Apparel, shoes & jewelry||Shoes||Men","","TRUE","Title","Classic Wingtip 5 Eyelet Oxford in Brogue - Black 9","Option","Size: 7.5 Width: Normal (D)","","","M21-P01~7.5-D","1637.47","shopify","1000","deny","Manual","89.01","","TRUE","","","https://d1k0ppjronk6up.cloudfront.net/products/1000002688/2537_thickbox_default_classic_wingtip_5_eyelet_oxford_in_brogue_black.jpg"
"classic-wingtip-5-eyelet-oxford-in-brogue---black-9","","","","","","","","","","","","","","","","","","","","","","","","https://d1k0ppjronk6up.cloudfront.net/products/1000002688/2536_thickbox_default_classic_wingtip_5_eyelet_oxford_in_brogue_black.jpg"
"classic-wingtip-5-eyelet-oxford-in-brogue---black-9","","","","","","","","","","","","","","","","","","","","","","","","https://d1k0ppjronk6up.cloudfront.net/products/1000002688/2535_thickbox_default_classic_wingtip_5_eyelet_oxford_in_brogue_black.jpg"
"classic-wingtip-5-eyelet-oxford-in-brogue---black-9","","","","","","","","","","","","","","","","","","","","","","","","https://d1k0ppjronk6up.cloudfront.net/products/1000002688/2534_thickbox_default_classic_wingtip_5_eyelet_oxford_in_brogue_black.jpg"
"classic-wingtip-5-eyelet-oxford-in-brogue---black-9","","","","","","","","","","","","","","","","","","","","","","","","https://d1k0ppjronk6up.cloudfront.net/products/1000002688/pk_img_cms_shoekit.jpg"
"classic-wingtip-5-eyelet-oxford-in-brogue---black-9","Classic Wingtip 5 Eyelet Oxford in Brogue - Black 9: Size: 7.5 Width: Wide (EE)","Men's handmade leather shoes by Studio Empoli. Buy this beautiful handmade leather classic 5 eyelet oxford in wingtip brogue at our amazing price. Soft cow leather, very comfortable and easy to break in. You are bound to fall in love with them. Will serve you for many years. Many size options. Each shoe is meticulously handmade through multiple stages of crafting Only the finest quality leathers used.","Studio Empoli","Apparel, shoes & jewelry||Shoes||Men","","TRUE","Title","Classic Wingtip 5 Eyelet Oxford in Brogue - Black 9","Option","Size: 7.5 Width: Wide (EE)","","","M21-P01~7.5-EE","1637.47","shopify","1000","deny","Manual","89.01","","TRUE","","","https://d1k0ppjronk6up.cloudfront.net/products/1000002688/2537_thickbox_default_classic_wingtip_5_eyelet_oxford_in_brogue_black.jpg"
"classic-wingtip-5-eyelet-oxford-in-brogue---black-9","","","","","","","","","","","","","","","","","","","","","","","","https://d1k0ppjronk6up.cloudfront.net/products/1000002688/2536_thickbox_default_classic_wingtip_5_eyelet_oxford_in_brogue_black.jpg"
"classic-wingtip-5-eyelet-oxford-in-brogue---black-9","","","","","","","","","","","","","","","","","","","","","","","","https://d1k0ppjronk6up.cloudfront.net/products/1000002688/2535_thickbox_default_classic_wingtip_5_eyelet_oxford_in_brogue_black.jpg"
"classic-wingtip-5-eyelet-oxford-in-brogue---black-9","","","","","","","","","","","","","","","","","","","","","","","","https://d1k0ppjronk6up.cloudfront.net/products/1000002688/2534_thickbox_default_classic_wingtip_5_eyelet_oxford_in_brogue_black.jpg"
"classic-wingtip-5-eyelet-oxford-in-brogue---black-9","","","","","","","","","","","","","","","","","","","","","","","","https://d1k0ppjronk6up.cloudfront.net/products/1000002688/pk_img_cms_shoekit.jpg"
"classic-wingtip-5-eyelet-oxford-in-brogue---black-9","Classic Wingtip 5 Eyelet Oxford in Brogue - Black 9: Size: 7 Width: Normal (D)","Men's handmade leather shoes by Studio Empoli. Buy this beautiful handmade leather classic 5 eyelet oxford in wingtip brogue at our amazing price. Soft cow leather, very comfortable and easy to break in. You are bound to fall in love with them. Will serve you for many years. Many size options. Each shoe is meticulously handmade through multiple stages of crafting Only the finest quality leathers used.","Studio Empoli","Apparel, shoes & jewelry||Shoes||Men","","TRUE","Title","Classic Wingtip 5 Eyelet Oxford in Brogue - Black 9","Option","Size: 7 Width: Normal (D)","","","M21-P01~7-D","1637.47","shopify","1000","deny","Manual","89.01","","TRUE","","","https://d1k0ppjronk6up.cloudfront.net/products/1000002688/2537_thickbox_default_classic_wingtip_5_eyelet_oxford_in_brogue_black.jpg"
"classic-wingtip-5-eyelet-oxford-in-brogue---black-9","","","","","","","","","","","","","","","","","","","","","","","","https://d1k0ppjronk6up.cloudfront.net/products/1000002688/2536_thickbox_default_classic_wingtip_5_eyelet_oxford_in_brogue_black.jpg"
"classic-wingtip-5-eyelet-oxford-in-brogue---black-9","","","","","","","","","","","","","","","","","","","","","","","","https://d1k0ppjronk6up.cloudfront.net/products/1000002688/2535_thickbox_default_classic_wingtip_5_eyelet_oxford_in_brogue_black.jpg"
"classic-wingtip-5-eyelet-oxford-in-brogue---black-9","","","","","","","","","","","","","","","","","","","","","","","","https://d1k0ppjronk6up.cloudfront.net/products/1000002688/2534_thickbox_default_classic_wingtip_5_eyelet_oxford_in_brogue_black.jpg"
"classic-wingtip-5-eyelet-oxford-in-brogue---black-9","","","","","","","","","","","","","","","","","","","","","","","","https://d1k0ppjronk6up.cloudfront.net/products/1000002688/pk_img_cms_shoekit.jpg"
"classic-wingtip-5-eyelet-oxford-in-brogue---black-9","Classic Wingtip 5 Eyelet Oxford in Brogue - Black 9: Size: 7 Width: Wide (EE)","Men's handmade leather shoes by Studio Empoli. Buy this beautiful handmade leather classic 5 eyelet oxford in wingtip brogue at our amazing price. Soft cow leather, very comfortable and easy to break in. You are bound to fall in love with them. Will serve you for many years. Many size options. Each shoe is meticulously handmade through multiple stages of crafting Only the finest quality leathers used.","Studio Empoli","Apparel, shoes & jewelry||Shoes||Men","","TRUE","Title","Classic Wingtip 5 Eyelet Oxford in Brogue - Black 9","Option","Size: 7 Width: Wide (EE)","","","M21-P01~7-EE","1637.47","shopify","1000","deny","Manual","89.01","","TRUE","","","https://d1k0ppjronk6up.cloudfront.net/products/1000002688/2537_thickbox_default_classic_wingtip_5_eyelet_oxford_in_brogue_black.jpg"
"classic-wingtip-5-eyelet-oxford-in-brogue---black-9","","","","","","","","","","","","","","","","","","","","","","","","https://d1k0ppjronk6up.cloudfront.net/products/1000002688/2536_thickbox_default_classic_wingtip_5_eyelet_oxford_in_brogue_black.jpg"
"classic-wingtip-5-eyelet-oxford-in-brogue---black-9","","","","","","","","","","","","","","","","","","","","","","","","https://d1k0ppjronk6up.cloudfront.net/products/1000002688/2535_thickbox_default_classic_wingtip_5_eyelet_oxford_in_brogue_black.jpg"
"classic-wingtip-5-eyelet-oxford-in-brogue---black-9","","","","","","","","","","","","","","","","","","","","","","","","https://d1k0ppjronk6up.cloudfront.net/products/1000002688/2534_thickbox_default_classic_wingtip_5_eyelet_oxford_in_brogue_black.jpg"
"classic-wingtip-5-eyelet-oxford-in-brogue---black-9","","","","","","","","","","","","","","","","","","","","","","","","https://d1k0ppjronk6up.cloudfront.net/products/1000002688/pk_img_cms_shoekit.jpg"
"classic-wingtip-5-eyelet-oxford-in-brogue---black-9","Classic Wingtip 5 Eyelet Oxford in Brogue - Black 9: Size: 8.5 Width: Normal (D)","Men's handmade leather shoes by Studio Empoli. Buy this beautiful handmade leather classic 5 eyelet oxford in wingtip brogue at our amazing price. Soft cow leather, very comfortable and easy to break in. You are bound to fall in love with them. Will serve you for many years. Many size options. Each shoe is meticulously handmade through multiple stages of crafting Only the finest quality leathers used.","Studio Empoli","Apparel, shoes & jewelry||Shoes||Men","","TRUE","Title","Classic Wingtip 5 Eyelet Oxford in Brogue - Black 9","Option","Size: 8.5 Width: Normal (D)","","","M21-P01~8.5-D","1637.47","shopify","1000","deny","Manual","89.01","","TRUE","","","https://d1k0ppjronk6up.cloudfront.net/products/1000002688/2537_thickbox_default_classic_wingtip_5_eyelet_oxford_in_brogue_black.jpg"
"classic-wingtip-5-eyelet-oxford-in-brogue---black-9","","","","","","","","","","","","","","","","","","","","","","","","https://d1k0ppjronk6up.cloudfront.net/products/1000002688/2536_thickbox_default_classic_wingtip_5_eyelet_oxford_in_brogue_black.jpg"
"classic-wingtip-5-eyelet-oxford-in-brogue---black-9","","","","","","","","","","","","","","","","","","","","","","","","https://d1k0ppjronk6up.cloudfront.net/products/1000002688/2535_thickbox_default_classic_wingtip_5_eyelet_oxford_in_brogue_black.jpg"
"classic-wingtip-5-eyelet-oxford-in-brogue---black-9","","","","","","","","","","","","","","","","","","","","","","","","https://d1k0ppjronk6up.cloudfront.net/products/1000002688/2534_thickbox_default_classic_wingtip_5_eyelet_oxford_in_brogue_black.jpg"
"classic-wingtip-5-eyelet-oxford-in-brogue---black-9","","","","","","","","","","","","","","","","","","","","","","","","https://d1k0ppjronk6up.cloudfront.net/products/1000002688/pk_img_cms_shoekit.jpg"
"classic-wingtip-5-eyelet-oxford-in-brogue---black-9","Classic Wingtip 5 Eyelet Oxford in Brogue - Black 9: Size: 8.5 Width: Wide (EE)","Men's handmade leather shoes by Studio Empoli. Buy this beautiful handmade leather classic 5 eyelet oxford in wingtip brogue at our amazing price. Soft cow leather, very comfortable and easy to break in. You are bound to fall in love with them. Will serve you for many years. Many size options. Each shoe is meticulously handmade through multiple stages of crafting Only the finest quality leathers used.","Studio Empoli","Apparel, shoes & jewelry||Shoes||Men","","TRUE","Title","Classic Wingtip 5 Eyelet Oxford in Brogue - Black 9","Option","Size: 8.5 Width: Wide (EE)","","","M21-P01~8.5-EE","1637.47","shopify","1000","deny","Manual","89.01","","TRUE","","","https://d1k0ppjronk6up.cloudfront.net/products/1000002688/2537_thickbox_default_classic_wingtip_5_eyelet_oxford_in_brogue_black.jpg"
"classic-wingtip-5-eyelet-oxford-in-brogue---black-9","","","","","","","","","","","","","","","","","","","","","","","","https://d1k0ppjronk6up.cloudfront.net/products/1000002688/2536_thickbox_default_classic_wingtip_5_eyelet_oxford_in_brogue_black.jpg"
"classic-wingtip-5-eyelet-oxford-in-brogue---black-9","","","","","","","","","","","","","","","","","","","","","","","","https://d1k0ppjronk6up.cloudfront.net/products/1000002688/2535_thickbox_default_classic_wingtip_5_eyelet_oxford_in_brogue_black.jpg"
"classic-wingtip-5-eyelet-oxford-in-brogue---black-9","","","","","","","","","","","","","","","","","","","","","","","","https://d1k0ppjronk6up.cloudfront.net/products/1000002688/2534_thickbox_default_classic_wingtip_5_eyelet_oxford_in_brogue_black.jpg"
"classic-wingtip-5-eyelet-oxford-in-brogue---black-9","","","","","","","","","","","","","","","","","","","","","","","","https://d1k0ppjronk6up.cloudfront.net/products/1000002688/pk_img_cms_shoekit.jpg"
"classic-wingtip-5-eyelet-oxford-in-brogue---black-9","Classic Wingtip 5 Eyelet Oxford in Brogue - Black 9: Size: 8 Width: Normal (D)","Men's handmade leather shoes by Studio Empoli. Buy this beautiful handmade leather classic 5 eyelet oxford in wingtip brogue at our amazing price. Soft cow leather, very comfortable and easy to break in. You are bound to fall in love with them. Will serve you for many years. Many size options. Each shoe is meticulously handmade through multiple stages of crafting Only the finest quality leathers used.","Studio Empoli","Apparel, shoes & jewelry||Shoes||Men","","TRUE","Title","Classic Wingtip 5 Eyelet Oxford in Brogue - Black 9","Option","Size: 8 Width: Normal (D)","","","M21-P01~8-D","1637.47","shopify","1000","deny","Manual","89.01","","TRUE","","","https://d1k0ppjronk6up.cloudfront.net/products/1000002688/2537_thickbox_default_classic_wingtip_5_eyelet_oxford_in_brogue_black.jpg"
"classic-wingtip-5-eyelet-oxford-in-brogue---black-9","","","","","","","","","","","","","","","","","","","","","","","","https://d1k0ppjronk6up.cloudfront.net/products/1000002688/2536_thickbox_default_classic_wingtip_5_eyelet_oxford_in_brogue_black.jpg"
"classic-wingtip-5-eyelet-oxford-in-brogue---black-9","","","","","","","","","","","","","","","","","","","","","","","","https://d1k0ppjronk6up.cloudfront.net/products/1000002688/2535_thickbox_default_classic_wingtip_5_eyelet_oxford_in_brogue_black.jpg"
"classic-wingtip-5-eyelet-oxford-in-brogue---black-9","","","","","","","","","","","","","","","","","","","","","","","","https://d1k0ppjronk6up.cloudfront.net/products/1000002688/2534_thickbox_default_classic_wingtip_5_eyelet_oxford_in_brogue_black.jpg"
"classic-wingtip-5-eyelet-oxford-in-brogue---black-9","","","","","","","","","","","","","","","","","","","","","","","","https://d1k0ppjronk6up.cloudfront.net/products/1000002688/pk_img_cms_shoekit.jpg"
"classic-wingtip-5-eyelet-oxford-in-brogue---black-9","Classic Wingtip 5 Eyelet Oxford in Brogue - Black 9: Size: 8 Width: Wide (EE)","Men's handmade leather shoes by Studio Empoli. Buy this beautiful handmade leather classic 5 eyelet oxford in wingtip brogue at our amazing price. Soft cow leather, very comfortable and easy to break in. You are bound to fall in love with them. Will serve you for many years. Many size options. Each shoe is meticulously handmade through multiple stages of crafting Only the finest quality leathers used.","Studio Empoli","Apparel, shoes & jewelry||Shoes||Men","","TRUE","Title","Classic Wingtip 5 Eyelet Oxford in Brogue - Black 9","Option","Size: 8 Width: Wide (EE)","","","M21-P01~8-EE","1637.47","shopify","1000","deny","Manual","89.01","","TRUE","","","https://d1k0ppjronk6up.cloudfront.net/products/1000002688/2537_thickbox_default_classic_wingtip_5_eyelet_oxford_in_brogue_black.jpg"
"classic-wingtip-5-eyelet-oxford-in-brogue---black-9","","","","","","","","","","","","","","","","","","","","","","","","https://d1k0ppjronk6up.cloudfront.net/products/1000002688/2536_thickbox_default_classic_wingtip_5_eyelet_oxford_in_brogue_black.jpg"
"classic-wingtip-5-eyelet-oxford-in-brogue---black-9","","","","","","","","","","","","","","","","","","","","","","","","https://d1k0ppjronk6up.cloudfront.net/products/1000002688/2535_thickbox_default_classic_wingtip_5_eyelet_oxford_in_brogue_black.jpg"
"classic-wingtip-5-eyelet-oxford-in-brogue---black-9","","","","","","","","","","","","","","","","","","","","","","","","https://d1k0ppjronk6up.cloudfront.net/products/1000002688/2534_thickbox_default_classic_wingtip_5_eyelet_oxford_in_brogue_black.jpg"
"classic-wingtip-5-eyelet-oxford-in-brogue---black-9","","","","","","","","","","","","","","","","","","","","","","","","https://d1k0ppjronk6up.cloudfront.net/products/1000002688/pk_img_cms_shoekit.jpg"
"classic-wingtip-5-eyelet-oxford-in-brogue---black-9","Classic Wingtip 5 Eyelet Oxford in Brogue - Black 9: Size: 9.5 Width: Normal (D)","Men's handmade leather shoes by Studio Empoli. Buy this beautiful handmade leather classic 5 eyelet oxford in wingtip brogue at our amazing price. Soft cow leather, very comfortable and easy to break in. You are bound to fall in love with them. Will serve you for many years. Many size options. Each shoe is meticulously handmade through multiple stages of crafting Only the finest quality leathers used.","Studio Empoli","Apparel, shoes & jewelry||Shoes||Men","","TRUE","Title","Classic Wingtip 5 Eyelet Oxford in Brogue - Black 9","Option","Size: 9.5 Width: Normal (D)","","","M21-P01~9.5-D","1637.47","shopify","1000","deny","Manual","89.01","","TRUE","","","https://d1k0ppjronk6up.cloudfront.net/products/1000002688/2537_thickbox_default_classic_wingtip_5_eyelet_oxford_in_brogue_black.jpg"
"classic-wingtip-5-eyelet-oxford-in-brogue---black-9","","","","","","","","","","","","","","","","","","","","","","","","https://d1k0ppjronk6up.cloudfront.net/products/1000002688/2536_thickbox_default_classic_wingtip_5_eyelet_oxford_in_brogue_black.jpg"
"classic-wingtip-5-eyelet-oxford-in-brogue---black-9","","","","","","","","","","","","","","","","","","","","","","","","https://d1k0ppjronk6up.cloudfront.net/products/1000002688/2535_thickbox_default_classic_wingtip_5_eyelet_oxford_in_brogue_black.jpg"
"classic-wingtip-5-eyelet-oxford-in-brogue---black-9","","","","","","","","","","","","","","","","","","","","","","","","https://d1k0ppjronk6up.cloudfront.net/products/1000002688/2534_thickbox_default_classic_wingtip_5_eyelet_oxford_in_brogue_black.jpg"
"classic-wingtip-5-eyelet-oxford-in-brogue---black-9","","","","","","","","","","","","","","","","","","","","","","","","https://d1k0ppjronk6up.cloudfront.net/products/1000002688/pk_img_cms_shoekit.jpg"
"classic-wingtip-5-eyelet-oxford-in-brogue---black-9","Classic Wingtip 5 Eyelet Oxford in Brogue - Black 9: Size: 9.5 Width: Wide (EE)","Men's handmade leather shoes by Studio Empoli. Buy this beautiful handmade leather classic 5 eyelet oxford in wingtip brogue at our amazing price. Soft cow leather, very comfortable and easy to break in. You are bound to fall in love with them. Will serve you for many years. Many size options. Each shoe is meticulously handmade through multiple stages of crafting Only the finest quality leathers used.","Studio Empoli","Apparel, shoes & jewelry||Shoes||Men","","TRUE","Title","Classic Wingtip 5 Eyelet Oxford in Brogue - Black 9","Option","Size: 9.5 Width: Wide (EE)","","","M21-P01~9.5-EE","1637.47","shopify","1000","deny","Manual","89.01","","TRUE","","","https://d1k0ppjronk6up.cloudfront.net/products/1000002688/2537_thickbox_default_classic_wingtip_5_eyelet_oxford_in_brogue_black.jpg"
"classic-wingtip-5-eyelet-oxford-in-brogue---black-9","","","","","","","","","","","","","","","","","","","","","","","","https://d1k0ppjronk6up.cloudfront.net/products/1000002688/2536_thickbox_default_classic_wingtip_5_eyelet_oxford_in_brogue_black.jpg"
"classic-wingtip-5-eyelet-oxford-in-brogue---black-9","","","","","","","","","","","","","","","","","","","","","","","","https://d1k0ppjronk6up.cloudfront.net/products/1000002688/2535_thickbox_default_classic_wingtip_5_eyelet_oxford_in_brogue_black.jpg"
"classic-wingtip-5-eyelet-oxford-in-brogue---black-9","","","","","","","","","","","","","","","","","","","","","","","","https://d1k0ppjronk6up.cloudfront.net/products/1000002688/2534_thickbox_default_classic_wingtip_5_eyelet_oxford_in_brogue_black.jpg"
"classic-wingtip-5-eyelet-oxford-in-brogue---black-9","","","","","","","","","","","","","","","","","","","","","","","","https://d1k0ppjronk6up.cloudfront.net/products/1000002688/pk_img_cms_shoekit.jpg"
"classic-wingtip-5-eyelet-oxford-in-brogue---black-9","Classic Wingtip 5 Eyelet Oxford in Brogue - Black 9: Size: 9 Width: Normal (D)","Men's handmade leather shoes by Studio Empoli. Buy this beautiful handmade leather classic 5 eyelet oxford in wingtip brogue at our amazing price. Soft cow leather, very comfortable and easy to break in. You are bound to fall in love with them. Will serve you for many years. Many size options. Each shoe is meticulously handmade through multiple stages of crafting Only the finest quality leathers used.","Studio Empoli","Apparel, shoes & jewelry||Shoes||Men","","TRUE","Title","Classic Wingtip 5 Eyelet Oxford in Brogue - Black 9","Option","Size: 9 Width: Normal (D)","","","M21-P01~9-D","1637.47","shopify","1000","deny","Manual","89.01","","TRUE","","","https://d1k0ppjronk6up.cloudfront.net/products/1000002688/2537_thickbox_default_classic_wingtip_5_eyelet_oxford_in_brogue_black.jpg"
"classic-wingtip-5-eyelet-oxford-in-brogue---black-9","","","","","","","","","","","","","","","","","","","","","","","","https://d1k0ppjronk6up.cloudfront.net/products/1000002688/2536_thickbox_default_classic_wingtip_5_eyelet_oxford_in_brogue_black.jpg"
"classic-wingtip-5-eyelet-oxford-in-brogue---black-9","","","","","","","","","","","","","","","","","","","","","","","","https://d1k0ppjronk6up.cloudfront.net/products/1000002688/2535_thickbox_default_classic_wingtip_5_eyelet_oxford_in_brogue_black.jpg"
"classic-wingtip-5-eyelet-oxford-in-brogue---black-9","","","","","","","","","","","","","","","","","","","","","","","","https://d1k0ppjronk6up.cloudfront.net/products/1000002688/2534_thickbox_default_classic_wingtip_5_eyelet_oxford_in_brogue_black.jpg"
"classic-wingtip-5-eyelet-oxford-in-brogue---black-9","","","","","","","","","","","","","","","","","","","","","","","","https://d1k0ppjronk6up.cloudfront.net/products/1000002688/pk_img_cms_shoekit.jpg"
"classic-wingtip-5-eyelet-oxford-in-brogue---black-9","Classic Wingtip 5 Eyelet Oxford in Brogue - Black 9: Size: 9 Width: Wide (EE)","Men's handmade leather shoes by Studio Empoli. Buy this beautiful handmade leather classic 5 eyelet oxford in wingtip brogue at our amazing price. Soft cow leather, very comfortable and easy to break in. You are bound to fall in love with them. Will serve you for many years. Many size options. Each shoe is meticulously handmade through multiple stages of crafting Only the finest quality leathers used.","Studio Empoli","Apparel, shoes & jewelry||Shoes||Men","","TRUE","Title","Classic Wingtip 5 Eyelet Oxford in Brogue - Black 9","Option","Size: 9 Width: Wide (EE)","","","M21-P01~9-EE","1637.47","shopify","1000","deny","Manual","89.01","","TRUE","","","https://d1k0ppjronk6up.cloudfront.net/products/1000002688/2537_thickbox_default_classic_wingtip_5_eyelet_oxford_in_brogue_black.jpg"
"classic-wingtip-5-eyelet-oxford-in-brogue---black-9","","","","","","","","","","","","","","","","","","","","","","","","https://d1k0ppjronk6up.cloudfront.net/products/1000002688/2536_thickbox_default_classic_wingtip_5_eyelet_oxford_in_brogue_black.jpg"
"classic-wingtip-5-eyelet-oxford-in-brogue---black-9","","","","","","","","","","","","","","","","","","","","","","","","https://d1k0ppjronk6up.cloudfront.net/products/1000002688/2535_thickbox_default_classic_wingtip_5_eyelet_oxford_in_brogue_black.jpg"
"classic-wingtip-5-eyelet-oxford-in-brogue---black-9","","","","","","","","","","","","","","","","","","","","","","","","https://d1k0ppjronk6up.cloudfront.net/products/1000002688/2534_thickbox_default_classic_wingtip_5_eyelet_oxford_in_brogue_black.jpg"
"classic-wingtip-5-eyelet-oxford-in-brogue---black-9","","","","","","","","","","","","","","","","","","","","","","","","https://d1k0ppjronk6up.cloudfront.net/products/1000002688/pk_img_cms_shoekit.jpg"
